IP,Hostname,Port,Port Protocol,CVSS,Severity,QoD,Solution Type,NVT Name,Summary,Specific Result,NVT OID,CVEs,Task ID,Task Name,Timestamp,Result ID,Impact,Solution,Affected Software/OS,Vulnerability Insight,Vulnerability Detection Method,Product Detection Result,BIDs,CERTs,Other References
172.18.0.4,si084_dvwa.audit_net,,,10.0,Critical,80,"Mitigation","Operating System (OS) End of Life (EOL) Detection","The Operating System (OS) on the remote host has reached the end
  of life (EOL) and should not be used anymore.","The ""Debian GNU/Linux"" Operating System on the remote host has reached the end of life.

CPE:               cpe:/o:debian:debian_linux:9
Installed version,
build or SP:       9
EOL date:          2022-06-30
EOL info:          https://en.wikipedia.org/wiki/List_of_Debian_releases#Release_table
",1.3.6.1.4.1.25623.1.0.103674,"",4b612267-9f55-443d-b2ae-ecb46841af36,"SI084 - Escaneo Full and Fast",2026-09-02T23:50:58Z,0502e53b-6aa1-4caf-86b4-5924520e6996,"An EOL version of an OS is not receiving any security updates
  from the vendor. Unfixed security vulnerabilities might be leveraged by an attacker to compromise
  the security of this host.","Update the OS on the remote host to a version which is still
  supported and receiving security updates by the vendor.

  Note / Important: Please create an override for this result if the target host is a:

  - Windows system with Extended Security Updates (ESU)

  - System with additional 3rd-party / non-vendor security updates like e.g. from 'TuxCare',
  'Freexian Extended LTS' or similar","","","Checks if an EOL version of an OS is present on the target
  host.
Details:
Operating System (OS) End of Life (EOL) Detection
(OID: 1.3.6.1.4.1.25623.1.0.103674)
Version used: 2025-05-21T05:40:19Z
","Product: cpe:/o:debian:debian_linux:9
Method: OS Detection Consolidation and Reporting
(OID: 1.3.6.1.4.1.25623.1.0.105937)
","","",""
172.18.0.2,si084_wpdb.audit_net,3306,tcp,9.8,Critical,95,"Mitigation","MySQL / MariaDB Default Credentials (MySQL Protocol)","It was possible to login into the remote MySQL using default
  credentials.","It was possible to login as user ""root"" with password ""root"".
",1.3.6.1.4.1.25623.1.0.103551,"",4b612267-9f55-443d-b2ae-ecb46841af36,"SI084 - Escaneo Full and Fast",2026-09-02T23:50:58Z,88ad92d7-507b-4460-9352-6cce5b989997,"","'- Change the password as soon as possible

  - Contact the vendor for other possible fixes / updates","The following products are know to use such weak credentials:

  - CVE-2001-0645: Symantec/AXENT NetProwler 3.5.x

  - CVE-2002-1809: Windows binary release of MySQL 3.23.2 through 3.23.52

  - CVE-2004-1532: AppServ 2.5.x and earlier

  - CVE-2004-2357: Proofpoint Protection Server

  - CVE-2006-1451: MySQL Manager in Apple Mac OS X 10.3.9 and 10.4.6

  - CVE-2007-2554: Associated Press (AP) Newspower 4.0.1 and earlier

  - CVE-2007-6081: AdventNet EventLog Analyzer build 4030

  - CVE-2009-0919: XAMPP

  - CVE-2014-3419: Infoblox NetMRI before 6.8.5

  - CVE-2015-4669: Xsuite 2.x

  - CVE-2016-6531, CVE-2018-15719: Open Dental before version 18.4

  - CVE-2024-22901: Vinchin Backup & Recovery 7.2 and prior

  - CVE-2026-47847: Bitnami MariaDB Galera container images and Helm chart

  - No CVE / GHSA-g38h-mr9p-fjmf: Vvveb CMS 1.0.8 and prior

  Other products might be affected as well.","","
Details:
MySQL / MariaDB Default Credentials (MySQL Protocol)
(OID: 1.3.6.1.4.1.25623.1.0.103551)
Version used: 2026-07-22T06:26:54Z
","Product: cpe:/a:mariadb:mariadb:11.8.9
Method: MariaDB / Oracle MySQL Detection (MySQL Protocol)
(OID: 1.3.6.1.4.1.25623.1.0.100152)
","","",""
172.18.0.4,si084_dvwa.audit_net,,,2.6,Low,80,"Mitigation","TCP Timestamps Information Disclosure","The remote host implements TCP timestamps and therefore allows
  to compute the uptime.","It was detected that the host implements RFC1323/RFC7323.

The following timestamps were retrieved with a delay of 1 seconds in-between:
Packet 1: 2251612916
Packet 2: 380849988
",1.3.6.1.4.1.25623.1.0.80091,"",4b612267-9f55-443d-b2ae-ecb46841af36,"SI084 - Escaneo Full and Fast",2026-09-02T23:50:58Z,ebc6a45d-0296-44a6-8484-5966edfe5e0f,"A side effect of this feature is that the uptime of the remote
  host can sometimes be computed.","To disable TCP timestamps on linux add the line
  'net.ipv4.tcp_timestamps = 0' to /etc/sysctl.conf. Execute 'sysctl -p' to apply the settings at
  runtime.

  To disable TCP timestamps on Windows execute 'netsh int tcp set global timestamps=disabled'

  Starting with Windows Server 2008 and Vista, the timestamp can not be completely disabled.

  The default behavior of the TCP/IP stack on this Systems is to not use the Timestamp options when
  initiating TCP connections, but use them if the TCP peer that is initiating communication includes
  them in their synchronize (SYN) segment.

  See the references for more information.","TCP implementations that implement RFC1323/RFC7323.","The remote host implements TCP timestamps, as defined by
  RFC1323/RFC7323.","Special IP packets are forged and sent with a little delay in
  between to the target IP. The responses are searched for a timestamps. If found, the timestamps
  are reported.
Details:
TCP Timestamps Information Disclosure
(OID: 1.3.6.1.4.1.25623.1.0.80091)
Version used: 2023-12-15T16:10:08Z
","","","",""
172.18.0.3,si084_juiceshop.audit_net,,,2.6,Low,80,"Mitigation","TCP Timestamps Information Disclosure","The remote host implements TCP timestamps and therefore allows
  to compute the uptime.","It was detected that the host implements RFC1323/RFC7323.

The following timestamps were retrieved with a delay of 1 seconds in-between:
Packet 1: 3150610433
Packet 2: 2955752717
",1.3.6.1.4.1.25623.1.0.80091,"",4b612267-9f55-443d-b2ae-ecb46841af36,"SI084 - Escaneo Full and Fast",2026-09-02T23:50:58Z,26c2c266-364f-4257-93bc-3a7c76f031cc,"A side effect of this feature is that the uptime of the remote
  host can sometimes be computed.","To disable TCP timestamps on linux add the line
  'net.ipv4.tcp_timestamps = 0' to /etc/sysctl.conf. Execute 'sysctl -p' to apply the settings at
  runtime.

  To disable TCP timestamps on Windows execute 'netsh int tcp set global timestamps=disabled'

  Starting with Windows Server 2008 and Vista, the timestamp can not be completely disabled.

  The default behavior of the TCP/IP stack on this Systems is to not use the Timestamp options when
  initiating TCP connections, but use them if the TCP peer that is initiating communication includes
  them in their synchronize (SYN) segment.

  See the references for more information.","TCP implementations that implement RFC1323/RFC7323.","The remote host implements TCP timestamps, as defined by
  RFC1323/RFC7323.","Special IP packets are forged and sent with a little delay in
  between to the target IP. The responses are searched for a timestamps. If found, the timestamps
  are reported.
Details:
TCP Timestamps Information Disclosure
(OID: 1.3.6.1.4.1.25623.1.0.80091)
Version used: 2023-12-15T16:10:08Z
","","","",""
172.18.0.5,si084_db.audit_net,,,2.6,Low,80,"Mitigation","TCP Timestamps Information Disclosure","The remote host implements TCP timestamps and therefore allows
  to compute the uptime.","It was detected that the host implements RFC1323/RFC7323.

The following timestamps were retrieved with a delay of 1 seconds in-between:
Packet 1: 3010157624
Packet 2: 3503745970
",1.3.6.1.4.1.25623.1.0.80091,"",4b612267-9f55-443d-b2ae-ecb46841af36,"SI084 - Escaneo Full and Fast",2026-09-02T23:50:58Z,b6fce8fb-5387-4ef0-81dc-6d7c54f66763,"A side effect of this feature is that the uptime of the remote
  host can sometimes be computed.","To disable TCP timestamps on linux add the line
  'net.ipv4.tcp_timestamps = 0' to /etc/sysctl.conf. Execute 'sysctl -p' to apply the settings at
  runtime.

  To disable TCP timestamps on Windows execute 'netsh int tcp set global timestamps=disabled'

  Starting with Windows Server 2008 and Vista, the timestamp can not be completely disabled.

  The default behavior of the TCP/IP stack on this Systems is to not use the Timestamp options when
  initiating TCP connections, but use them if the TCP peer that is initiating communication includes
  them in their synchronize (SYN) segment.

  See the references for more information.","TCP implementations that implement RFC1323/RFC7323.","The remote host implements TCP timestamps, as defined by
  RFC1323/RFC7323.","Special IP packets are forged and sent with a little delay in
  between to the target IP. The responses are searched for a timestamps. If found, the timestamps
  are reported.
Details:
TCP Timestamps Information Disclosure
(OID: 1.3.6.1.4.1.25623.1.0.80091)
Version used: 2023-12-15T16:10:08Z
","","","",""
172.18.0.6,si084_portal.audit_net,,,2.6,Low,80,"Mitigation","TCP Timestamps Information Disclosure","The remote host implements TCP timestamps and therefore allows
  to compute the uptime.","It was detected that the host implements RFC1323/RFC7323.

The following timestamps were retrieved with a delay of 1 seconds in-between:
Packet 1: 3812553540
Packet 2: 753882264
",1.3.6.1.4.1.25623.1.0.80091,"",4b612267-9f55-443d-b2ae-ecb46841af36,"SI084 - Escaneo Full and Fast",2026-09-02T23:50:58Z,2a144401-4231-4f51-bcc0-c665cbec9606,"A side effect of this feature is that the uptime of the remote
  host can sometimes be computed.","To disable TCP timestamps on linux add the line
  'net.ipv4.tcp_timestamps = 0' to /etc/sysctl.conf. Execute 'sysctl -p' to apply the settings at
  runtime.

  To disable TCP timestamps on Windows execute 'netsh int tcp set global timestamps=disabled'

  Starting with Windows Server 2008 and Vista, the timestamp can not be completely disabled.

  The default behavior of the TCP/IP stack on this Systems is to not use the Timestamp options when
  initiating TCP connections, but use them if the TCP peer that is initiating communication includes
  them in their synchronize (SYN) segment.

  See the references for more information.","TCP implementations that implement RFC1323/RFC7323.","The remote host implements TCP timestamps, as defined by
  RFC1323/RFC7323.","Special IP packets are forged and sent with a little delay in
  between to the target IP. The responses are searched for a timestamps. If found, the timestamps
  are reported.
Details:
TCP Timestamps Information Disclosure
(OID: 1.3.6.1.4.1.25623.1.0.80091)
Version used: 2023-12-15T16:10:08Z
","","","",""
172.18.0.2,si084_wpdb.audit_net,,,2.6,Low,80,"Mitigation","TCP Timestamps Information Disclosure","The remote host implements TCP timestamps and therefore allows
  to compute the uptime.","It was detected that the host implements RFC1323/RFC7323.

The following timestamps were retrieved with a delay of 1 seconds in-between:
Packet 1: 3308723783
Packet 2: 782246242
",1.3.6.1.4.1.25623.1.0.80091,"",4b612267-9f55-443d-b2ae-ecb46841af36,"SI084 - Escaneo Full and Fast",2026-09-02T23:50:58Z,ac8f425c-5755-479e-bdff-fd83b499fa69,"A side effect of this feature is that the uptime of the remote
  host can sometimes be computed.","To disable TCP timestamps on linux add the line
  'net.ipv4.tcp_timestamps = 0' to /etc/sysctl.conf. Execute 'sysctl -p' to apply the settings at
  runtime.

  To disable TCP timestamps on Windows execute 'netsh int tcp set global timestamps=disabled'

  Starting with Windows Server 2008 and Vista, the timestamp can not be completely disabled.

  The default behavior of the TCP/IP stack on this Systems is to not use the Timestamp options when
  initiating TCP connections, but use them if the TCP peer that is initiating communication includes
  them in their synchronize (SYN) segment.

  See the references for more information.","TCP implementations that implement RFC1323/RFC7323.","The remote host implements TCP timestamps, as defined by
  RFC1323/RFC7323.","Special IP packets are forged and sent with a little delay in
  between to the target IP. The responses are searched for a timestamps. If found, the timestamps
  are reported.
Details:
TCP Timestamps Information Disclosure
(OID: 1.3.6.1.4.1.25623.1.0.80091)
Version used: 2023-12-15T16:10:08Z
","","","",""
172.18.0.2,si084_wpdb.audit_net,,,2.1,Low,80,"Mitigation","ICMP Timestamp Reply Information Disclosure","The remote host responded to an ICMP timestamp request.","The following response / ICMP packet has been received:
- ICMP Type: 14
- ICMP Code: 0
",1.3.6.1.4.1.25623.1.0.103190,"",4b612267-9f55-443d-b2ae-ecb46841af36,"SI084 - Escaneo Full and Fast",2026-09-02T23:50:58Z,25ba2e25-fa0c-4059-8375-5f6d3127f33b,"This information could theoretically be used to exploit weak
  time-based random number generators in other services.","Various mitigations are possible:

  - Disable the support for ICMP timestamp on the remote host completely

  - Protect the remote host by a firewall, and block ICMP packets passing through the firewall in
  either direction (either completely or only for untrusted networks)","","The Timestamp Reply is an ICMP message which replies to a
  Timestamp message. It consists of the originating timestamp sent by the sender of the Timestamp as
  well as a receive timestamp and a transmit timestamp.","Sends an ICMP Timestamp (Type 13) request and checks if a
  Timestamp Reply (Type 14) is received.
Details:
ICMP Timestamp Reply Information Disclosure
(OID: 1.3.6.1.4.1.25623.1.0.103190)
Version used: 2025-01-21T05:37:33Z
","","","DFN-CERT-2014-0658,CB-K15/1514,CB-K14/0632",""
172.18.0.4,si084_dvwa.audit_net,,,2.1,Low,80,"Mitigation","ICMP Timestamp Reply Information Disclosure","The remote host responded to an ICMP timestamp request.","The following response / ICMP packet has been received:
- ICMP Type: 14
- ICMP Code: 0
",1.3.6.1.4.1.25623.1.0.103190,"",4b612267-9f55-443d-b2ae-ecb46841af36,"SI084 - Escaneo Full and Fast",2026-09-02T23:50:58Z,c610126a-54f2-460f-afe9-0b78409b28bf,"This information could theoretically be used to exploit weak
  time-based random number generators in other services.","Various mitigations are possible:

  - Disable the support for ICMP timestamp on the remote host completely

  - Protect the remote host by a firewall, and block ICMP packets passing through the firewall in
  either direction (either completely or only for untrusted networks)","","The Timestamp Reply is an ICMP message which replies to a
  Timestamp message. It consists of the originating timestamp sent by the sender of the Timestamp as
  well as a receive timestamp and a transmit timestamp.","Sends an ICMP Timestamp (Type 13) request and checks if a
  Timestamp Reply (Type 14) is received.
Details:
ICMP Timestamp Reply Information Disclosure
(OID: 1.3.6.1.4.1.25623.1.0.103190)
Version used: 2025-01-21T05:37:33Z
","","","DFN-CERT-2014-0658,CB-K15/1514,CB-K14/0632",""
172.18.0.3,si084_juiceshop.audit_net,,,2.1,Low,80,"Mitigation","ICMP Timestamp Reply Information Disclosure","The remote host responded to an ICMP timestamp request.","The following response / ICMP packet has been received:
- ICMP Type: 14
- ICMP Code: 0
",1.3.6.1.4.1.25623.1.0.103190,"",4b612267-9f55-443d-b2ae-ecb46841af36,"SI084 - Escaneo Full and Fast",2026-09-02T23:50:58Z,9a5e2017-4ace-4a98-935d-1f185e958f23,"This information could theoretically be used to exploit weak
  time-based random number generators in other services.","Various mitigations are possible:

  - Disable the support for ICMP timestamp on the remote host completely

  - Protect the remote host by a firewall, and block ICMP packets passing through the firewall in
  either direction (either completely or only for untrusted networks)","","The Timestamp Reply is an ICMP message which replies to a
  Timestamp message. It consists of the originating timestamp sent by the sender of the Timestamp as
  well as a receive timestamp and a transmit timestamp.","Sends an ICMP Timestamp (Type 13) request and checks if a
  Timestamp Reply (Type 14) is received.
Details:
ICMP Timestamp Reply Information Disclosure
(OID: 1.3.6.1.4.1.25623.1.0.103190)
Version used: 2025-01-21T05:37:33Z
","","","DFN-CERT-2014-0658,CB-K15/1514,CB-K14/0632",""
172.18.0.6,si084_portal.audit_net,,,2.1,Low,80,"Mitigation","ICMP Timestamp Reply Information Disclosure","The remote host responded to an ICMP timestamp request.","The following response / ICMP packet has been received:
- ICMP Type: 14
- ICMP Code: 0
",1.3.6.1.4.1.25623.1.0.103190,"",4b612267-9f55-443d-b2ae-ecb46841af36,"SI084 - Escaneo Full and Fast",2026-09-02T23:50:58Z,5910d590-46fe-4641-a0fc-bddbf1e97476,"This information could theoretically be used to exploit weak
  time-based random number generators in other services.","Various mitigations are possible:

  - Disable the support for ICMP timestamp on the remote host completely

  - Protect the remote host by a firewall, and block ICMP packets passing through the firewall in
  either direction (either completely or only for untrusted networks)","","The Timestamp Reply is an ICMP message which replies to a
  Timestamp message. It consists of the originating timestamp sent by the sender of the Timestamp as
  well as a receive timestamp and a transmit timestamp.","Sends an ICMP Timestamp (Type 13) request and checks if a
  Timestamp Reply (Type 14) is received.
Details:
ICMP Timestamp Reply Information Disclosure
(OID: 1.3.6.1.4.1.25623.1.0.103190)
Version used: 2025-01-21T05:37:33Z
","","","DFN-CERT-2014-0658,CB-K15/1514,CB-K14/0632",""
172.18.0.5,si084_db.audit_net,,,2.1,Low,80,"Mitigation","ICMP Timestamp Reply Information Disclosure","The remote host responded to an ICMP timestamp request.","The following response / ICMP packet has been received:
- ICMP Type: 14
- ICMP Code: 0
",1.3.6.1.4.1.25623.1.0.103190,"",4b612267-9f55-443d-b2ae-ecb46841af36,"SI084 - Escaneo Full and Fast",2026-09-02T23:50:58Z,a4281085-7bfe-4616-89fc-d0cac52ef949,"This information could theoretically be used to exploit weak
  time-based random number generators in other services.","Various mitigations are possible:

  - Disable the support for ICMP timestamp on the remote host completely

  - Protect the remote host by a firewall, and block ICMP packets passing through the firewall in
  either direction (either completely or only for untrusted networks)","","The Timestamp Reply is an ICMP message which replies to a
  Timestamp message. It consists of the originating timestamp sent by the sender of the Timestamp as
  well as a receive timestamp and a transmit timestamp.","Sends an ICMP Timestamp (Type 13) request and checks if a
  Timestamp Reply (Type 14) is received.
Details:
ICMP Timestamp Reply Information Disclosure
(OID: 1.3.6.1.4.1.25623.1.0.103190)
Version used: 2025-01-21T05:37:33Z
","","","DFN-CERT-2014-0658,CB-K15/1514,CB-K14/0632",""
