herramienta,severidad,hallazgo,control_iso27001,objetivo_cobit
Lynis,Media,BOOT-5180|Determine runlevel and services at startup|-|-|,Sin clasificar,Sin clasificar
Lynis,Media,KRNL-5788|Determine why /vmlinuz or /boot/vmlinuz is missing on this Debian/Ubuntu system.|/vmlinuz or /boot/vmlinuz|-|,A.8.9 Configuration management,BAI10.02
Lynis,Media,"KRNL-5820|If not required, consider explicit disabling of core dump in /etc/security/limits.conf file|-|-|",A.8.9 Configuration management,BAI10.02
Lynis,Media,AUTH-9262|Install a PAM module for password strength testing like pam_cracklib or pam_passwdqc or libpam-passwdqc|-|-|,A.5.17 Authentication information,DSS05.04
Lynis,Media,AUTH-9284|Look at the locked accounts and consider removing them|-|-|,A.5.17 Authentication information,DSS05.04
Lynis,Media,AUTH-9286|Configure minimum password age in /etc/login.defs|-|-|,A.5.17 Authentication information,DSS05.04
Lynis,Media,AUTH-9286|Configure maximum password age in /etc/login.defs|-|-|,A.5.17 Authentication information,DSS05.04
Lynis,Media,"AUTH-9328|Default umask in /etc/login.defs could not be found and defaults usually to 022, which could be more strict like 027|-|-|",A.5.17 Authentication information,DSS05.04
Lynis,Media,"FILE-6310|To decrease the impact of a full /home file system, place /home on a separate partition|-|-|",A.8.9 Configuration management,BAI10.02
Lynis,Media,"FILE-6310|To decrease the impact of a full /tmp file system, place /tmp on a separate partition|-|-|",A.8.9 Configuration management,BAI10.02
Lynis,Media,"FILE-6310|To decrease the impact of a full /var file system, place /var on a separate partition|-|-|",A.8.9 Configuration management,BAI10.02
Lynis,Media,"USB-1000|Disable drivers like USB storage when not used, to prevent unauthorized storage or data theft|-|-|",A.5.17 Authentication information,DSS05.04
Lynis,Media,"STRG-1846|Disable drivers like firewire storage when not used, to prevent unauthorized storage or data theft|-|-|",A.5.17 Authentication information,DSS05.04
Lynis,Media,NAME-4028|Check DNS configuration for the dns domain name|-|-|,A.8.9 Configuration management,BAI10.02
Lynis,Media,NAME-4404|Add the IP name and FQDN to /etc/hosts for proper name resolving|-|-|,A.8.20 Networks security,DSS05.02
Lynis,Media,PKGS-7370|Install debsums utility for the verification of packages with known good database.|-|-|,A.8.8 Management of technical vulnerabilities,DSS05.07
Lynis,Alta,PKGS-7392|Found one or more vulnerable packages.|-|-|,A.8.8 Management of technical vulnerabilities,DSS05.07
Lynis,Media,"PKGS-7392|Update your system with apt-get update, apt-get upgrade, apt-get dist-upgrade and/or unattended-upgrades|-|-|",A.8.8 Management of technical vulnerabilities,DSS05.07
Lynis,Media,PKGS-7394|Install package apt-show-versions for patch management purposes|-|-|,A.8.8 Management of technical vulnerabilities,DSS05.07
Lynis,Media,PKGS-7420|Consider using a tool to automatically apply upgrades|-|-|,A.8.8 Management of technical vulnerabilities,DSS05.07
Lynis,Media,NETW-3200|Determine if protocol 'dccp' is really needed on this system|-|-|,A.8.20 Networks security,DSS05.02
Lynis,Media,NETW-3200|Determine if protocol 'sctp' is really needed on this system|-|-|,A.8.20 Networks security,DSS05.02
Lynis,Media,NETW-3200|Determine if protocol 'rds' is really needed on this system|-|-|,A.8.20 Networks security,DSS05.02
Lynis,Media,NETW-3200|Determine if protocol 'tipc' is really needed on this system|-|-|,A.8.20 Networks security,DSS05.02
Lynis,Media,LOGG-2154|Enable logging to an external logging host for archiving purposes and additional protection|-|-|,A.8.15 Logging,DSS01.03
Lynis,Media,"BANN-7126|Add a legal banner to /etc/issue, to warn unauthorized users|-|-|",A.5.17 Authentication information,DSS05.04
Lynis,Media,"BANN-7130|Add legal banner to /etc/issue.net, to warn unauthorized users|-|-|",A.5.17 Authentication information,DSS05.04
Lynis,Media,ACCT-9622|Enable process accounting|-|-|,A.8.15 Logging,DSS01.03
Lynis,Media,ACCT-9626|Enable sysstat to collect accounting (no results)|-|-|,A.8.15 Logging,DSS01.03
Lynis,Media,ACCT-9628|Enable auditd to collect audit information|-|-|,A.8.15 Logging,DSS01.03
Lynis,Media,FINT-4350|Install a file integrity tool to monitor changes to critical and sensitive files|-|-|,A.8.9 Configuration management,BAI10.02
Lynis,Media,TOOL-5002|Determine if automation tools are present for system management|-|-|,A.8.9 Configuration management,BAI10.02
Lynis,Media,FILE-7524|Consider restricting file permissions|See screen output or log file|text:Use chmod to change file permissions|,A.8.15 Logging,DSS01.03
Lynis,Media,KRNL-6000|One or more sysctl values differ from the scan profile and could be tweaked||Change sysctl value or disable test (skip-test=KRNL-6000:<sysctl-key>)|,A.8.9 Configuration management,BAI10.02
Lynis,Media,"HRDN-7230|Harden the system by installing at least one malware scanner, to perform periodic file system scans|-|Install a tool like rkhunter, chkrootkit, OSSEC, Wazuh|",A.8.2 Privileged access rights,DSS05.04
Docker Bench,Alta,1.1.1 - Ensure a separate partition for containers has been created (Automated),A.8.9 Configuration management,BAI10.02
Docker Bench,Alta,1.1.3 - Ensure auditing is configured for the Docker daemon (Automated),A.8.15 Logging,DSS01.03
Docker Bench,Alta,1.1.4 - Ensure auditing is configured for Docker files and directories -/run/containerd (Automated),A.8.15 Logging,DSS01.03
Docker Bench,Alta,1.1.5 - Ensure auditing is configured for Docker files and directories - /var/lib/docker (Automated),A.8.15 Logging,DSS01.03
Docker Bench,Alta,2.2 - Ensure network traffic is restricted between containers on the default bridge (Scored),A.8.20 Networks security,DSS05.02
Docker Bench,Alta,2.9 - Enable user namespace support (Scored),A.8.20 Networks security,DSS05.02
Docker Bench,Alta,2.12 - Ensure that authorization for Docker client commands is enabled (Scored),A.5.17 Authentication information,DSS05.04
Docker Bench,Alta,2.13 - Ensure centralized and remote logging is configured (Scored),A.8.15 Logging,DSS01.03
Docker Bench,Alta,2.14 - Ensure containers are restricted from acquiring new privileges (Scored),A.8.2 Privileged access rights,DSS05.04
Docker Bench,Alta,2.15 - Ensure live restore is enabled (Scored),A.8.13 Information backup,DSS04.07
Docker Bench,Alta,2.16 - Ensure Userland Proxy is Disabled (Scored),A.8.20 Networks security,DSS05.02
Docker Bench,Alta,3.15 - Ensure that the Docker socket file ownership is set to root:docker (Automated),A.8.2 Privileged access rights,DSS05.04
Docker Bench,Alta,* Wrong ownership for /var/run/docker.sock,A.8.9 Configuration management,BAI10.02
Docker Bench,Alta,4.1 - Ensure that a user for the container has been created (Automated),A.8.2 Privileged access rights,DSS05.04
Docker Bench,Alta,* Running as root: si084_ubuntu2204,A.8.2 Privileged access rights,DSS05.04
Docker Bench,Alta,* Running as root: xenodochial_dewdney,A.8.2 Privileged access rights,DSS05.04
Docker Bench,Alta,* Running as root: si084_simplerisk,A.8.2 Privileged access rights,DSS05.04
Docker Bench,Alta,* Running as root: si084_simplerisk_db,A.8.2 Privileged access rights,DSS05.04
Docker Bench,Alta,* Running as root: greenbone-community-edition-nginx-1,A.8.2 Privileged access rights,DSS05.04
Docker Bench,Alta,* Running as root: greenbone-community-edition-gsad-1,A.8.2 Privileged access rights,DSS05.04
Docker Bench,Alta,* Running as root: greenbone-community-edition-gvmd-1,A.8.2 Privileged access rights,DSS05.04
Docker Bench,Alta,* Running as root: greenbone-community-edition-pg-gvm-1,A.8.2 Privileged access rights,DSS05.04
Docker Bench,Alta,* Running as root: greenbone-community-edition-ospd-openvas-1,A.8.2 Privileged access rights,DSS05.04
Docker Bench,Alta,* Running as root: greenbone-community-edition-openvasd-1,A.8.2 Privileged access rights,DSS05.04
Docker Bench,Alta,* Running as root: si084_dvwa,A.8.2 Privileged access rights,DSS05.04
Docker Bench,Alta,4.5 - Ensure Content trust for Docker is Enabled (Automated),A.8.24 Use of cryptography,DSS05.03
Docker Bench,Alta,4.6 - Ensure that HEALTHCHECK instructions have been added to container images (Automated),A.8.16 Monitoring activities,DSS01.03
Docker Bench,Alta,* No Healthcheck found: [lynis:latest],A.8.16 Monitoring activities,DSS01.03
Docker Bench,Alta,* No Healthcheck found: [ubuntu:24.04],A.8.16 Monitoring activities,DSS01.03
Docker Bench,Alta,* No Healthcheck found: [ubuntu:22.04],A.8.16 Monitoring activities,DSS01.03
Docker Bench,Alta,* No Healthcheck found: [registry.community.greenbone.net/community/openvas-scanner:stable],A.8.16 Monitoring activities,DSS01.03
Docker Bench,Alta,* No Healthcheck found: [registry.community.greenbone.net/community/nginx:latest],A.8.16 Monitoring activities,DSS01.03
Docker Bench,Alta,* No Healthcheck found: [registry.community.greenbone.net/community/gpg-data:latest],A.8.16 Monitoring activities,DSS01.03
Docker Bench,Alta,* No Healthcheck found: [registry.community.greenbone.net/community/gsa:stable-slim],A.8.16 Monitoring activities,DSS01.03
Docker Bench,Alta,* No Healthcheck found: [registry.community.greenbone.net/community/gsad:stable],A.8.16 Monitoring activities,DSS01.03
Docker Bench,Alta,* No Healthcheck found: [wordpress:latest],A.8.16 Monitoring activities,DSS01.03
Docker Bench,Alta,* No Healthcheck found: [postgres:16],A.8.16 Monitoring activities,DSS01.03
Docker Bench,Alta,* No Healthcheck found: [mariadb:11],A.8.16 Monitoring activities,DSS01.03
Docker Bench,Alta,* No Healthcheck found: [registry.community.greenbone.net/community/ospd-openvas:stable],A.8.16 Monitoring activities,DSS01.03
Docker Bench,Alta,* No Healthcheck found: [registry.community.greenbone.net/community/gvm-tools:latest],A.8.16 Monitoring activities,DSS01.03
Docker Bench,Alta,* No Healthcheck found: [bkimminich/juice-shop:latest],A.8.16 Monitoring activities,DSS01.03
Docker Bench,Alta,* No Healthcheck found: [registry.community.greenbone.net/community/redis-server:latest],A.8.16 Monitoring activities,DSS01.03
Docker Bench,Alta,* No Healthcheck found: [vulnerables/web-dvwa:latest],A.8.8 Management of technical vulnerabilities,DSS05.07
Docker Bench,Alta,"5.2 - Ensure that, if applicable, an AppArmor Profile is enabled (Automated)",A.8.2 Privileged access rights,DSS05.04
Docker Bench,Alta,* No AppArmorProfile Found: si084_ubuntu2204,A.8.2 Privileged access rights,DSS05.04
Docker Bench,Alta,* No AppArmorProfile Found: xenodochial_dewdney,A.8.2 Privileged access rights,DSS05.04
Docker Bench,Alta,* No AppArmorProfile Found: si084_simplerisk,A.8.2 Privileged access rights,DSS05.04
Docker Bench,Alta,* No AppArmorProfile Found: si084_simplerisk_db,A.8.2 Privileged access rights,DSS05.04
Docker Bench,Alta,* No AppArmorProfile Found: greenbone-community-edition-nginx-1,A.8.2 Privileged access rights,DSS05.04
Docker Bench,Alta,* No AppArmorProfile Found: greenbone-community-edition-gsad-1,A.8.2 Privileged access rights,DSS05.04
Docker Bench,Alta,* No AppArmorProfile Found: greenbone-community-edition-gvmd-1,A.8.2 Privileged access rights,DSS05.04
Docker Bench,Alta,* No AppArmorProfile Found: greenbone-community-edition-pg-gvm-1,A.8.2 Privileged access rights,DSS05.04
Docker Bench,Alta,* No AppArmorProfile Found: greenbone-community-edition-ospd-openvas-1,A.8.2 Privileged access rights,DSS05.04
Docker Bench,Alta,* No AppArmorProfile Found: greenbone-community-edition-openvasd-1,A.8.2 Privileged access rights,DSS05.04
Docker Bench,Alta,* No AppArmorProfile Found: greenbone-community-edition-redis-server-1,A.8.2 Privileged access rights,DSS05.04
Docker Bench,Alta,* No AppArmorProfile Found: si084_juiceshop,A.8.2 Privileged access rights,DSS05.04
Docker Bench,Alta,* No AppArmorProfile Found: si084_dvwa,A.8.2 Privileged access rights,DSS05.04
Docker Bench,Alta,"5.3 - Ensure that, if applicable, SELinux security options are set (Automated)",A.8.2 Privileged access rights,DSS05.04
Docker Bench,Alta,* No SecurityOptions Found: si084_ubuntu2204,A.8.2 Privileged access rights,DSS05.04
Docker Bench,Alta,* No SecurityOptions Found: xenodochial_dewdney,A.8.2 Privileged access rights,DSS05.04
Docker Bench,Alta,* No SecurityOptions Found: si084_simplerisk,A.8.2 Privileged access rights,DSS05.04
Docker Bench,Alta,* No SecurityOptions Found: si084_simplerisk_db,A.8.2 Privileged access rights,DSS05.04
Docker Bench,Alta,* No SecurityOptions Found: greenbone-community-edition-nginx-1,A.8.2 Privileged access rights,DSS05.04
Docker Bench,Alta,* No SecurityOptions Found: greenbone-community-edition-gsad-1,A.8.2 Privileged access rights,DSS05.04
Docker Bench,Alta,* No SecurityOptions Found: greenbone-community-edition-gvmd-1,A.8.2 Privileged access rights,DSS05.04
Docker Bench,Alta,* No SecurityOptions Found: greenbone-community-edition-pg-gvm-1,A.8.2 Privileged access rights,DSS05.04
Docker Bench,Alta,* No SecurityOptions Found: greenbone-community-edition-openvasd-1,A.8.2 Privileged access rights,DSS05.04
Docker Bench,Alta,* No SecurityOptions Found: greenbone-community-edition-redis-server-1,A.8.2 Privileged access rights,DSS05.04
Docker Bench,Alta,* No SecurityOptions Found: si084_juiceshop,A.8.2 Privileged access rights,DSS05.04
Docker Bench,Alta,* No SecurityOptions Found: si084_dvwa,A.8.2 Privileged access rights,DSS05.04
Docker Bench,Alta,5.4 - Ensure that Linux kernel capabilities are restricted within containers (Automated),A.8.2 Privileged access rights,DSS05.04
Docker Bench,Alta,* Capabilities added: CapAdd=[CAP_NET_ADMIN] to greenbone-community-edition-ospd-openvas-1,A.8.2 Privileged access rights,DSS05.04
Docker Bench,Alta,5.8 - Ensure privileged ports are not mapped within containers (Automated),A.8.2 Privileged access rights,DSS05.04
Docker Bench,Alta,* Privileged Port in use: 443 in greenbone-community-edition-nginx-1,A.8.2 Privileged access rights,DSS05.04
Docker Bench,Alta,5.9 - Ensure that only needed ports are open on the container (Manual),A.8.20 Networks security,DSS05.02
Docker Bench,Alta,* Port in use: 8083 in si084_simplerisk,A.8.20 Networks security,DSS05.02
Docker Bench,Alta,* Port in use: 443 in greenbone-community-edition-nginx-1,A.8.20 Networks security,DSS05.02
Docker Bench,Alta,* Port in use: 9392 in greenbone-community-edition-nginx-1,A.8.20 Networks security,DSS05.02
Docker Bench,Alta,* Port in use: 3000 in si084_juiceshop,A.8.20 Networks security,DSS05.02
Docker Bench,Alta,* Port in use: 8081 in si084_dvwa,A.8.20 Networks security,DSS05.02
Docker Bench,Alta,5.11 - Ensure that the memory usage for containers is limited (Automated),A.8.6 Capacity management,BAI04.01
Docker Bench,Alta,* Container running without memory restrictions: si084_ubuntu2204,A.8.6 Capacity management,BAI04.01
Docker Bench,Alta,* Container running without memory restrictions: xenodochial_dewdney,A.8.6 Capacity management,BAI04.01
Docker Bench,Alta,* Container running without memory restrictions: si084_simplerisk,A.8.6 Capacity management,BAI04.01
Docker Bench,Alta,* Container running without memory restrictions: si084_simplerisk_db,A.8.6 Capacity management,BAI04.01
Docker Bench,Alta,* Container running without memory restrictions: greenbone-community-edition-nginx-1,A.8.6 Capacity management,BAI04.01
Docker Bench,Alta,* Container running without memory restrictions: greenbone-community-edition-gsad-1,A.8.6 Capacity management,BAI04.01
Docker Bench,Alta,* Container running without memory restrictions: greenbone-community-edition-gvmd-1,A.8.6 Capacity management,BAI04.01
Docker Bench,Alta,* Container running without memory restrictions: greenbone-community-edition-pg-gvm-1,A.8.6 Capacity management,BAI04.01
Docker Bench,Alta,* Container running without memory restrictions: greenbone-community-edition-ospd-openvas-1,A.8.6 Capacity management,BAI04.01
Docker Bench,Alta,* Container running without memory restrictions: greenbone-community-edition-openvasd-1,A.8.6 Capacity management,BAI04.01
Docker Bench,Alta,* Container running without memory restrictions: greenbone-community-edition-redis-server-1,A.8.6 Capacity management,BAI04.01
Docker Bench,Alta,* Container running without memory restrictions: si084_juiceshop,A.8.6 Capacity management,BAI04.01
Docker Bench,Alta,* Container running without memory restrictions: si084_dvwa,A.8.6 Capacity management,BAI04.01
Docker Bench,Alta,5.12 - Ensure that CPU priority is set appropriately on containers (Automated),A.8.6 Capacity management,BAI04.01
Docker Bench,Alta,* Container running without CPU restrictions: si084_ubuntu2204,A.8.6 Capacity management,BAI04.01
Docker Bench,Alta,* Container running without CPU restrictions: xenodochial_dewdney,A.8.6 Capacity management,BAI04.01
Docker Bench,Alta,* Container running without CPU restrictions: si084_simplerisk,A.8.6 Capacity management,BAI04.01
Docker Bench,Alta,* Container running without CPU restrictions: si084_simplerisk_db,A.8.6 Capacity management,BAI04.01
Docker Bench,Alta,* Container running without CPU restrictions: greenbone-community-edition-nginx-1,A.8.6 Capacity management,BAI04.01
Docker Bench,Alta,* Container running without CPU restrictions: greenbone-community-edition-gsad-1,A.8.6 Capacity management,BAI04.01
Docker Bench,Alta,* Container running without CPU restrictions: greenbone-community-edition-gvmd-1,A.8.6 Capacity management,BAI04.01
Docker Bench,Alta,* Container running without CPU restrictions: greenbone-community-edition-pg-gvm-1,A.8.6 Capacity management,BAI04.01
Docker Bench,Alta,* Container running without CPU restrictions: greenbone-community-edition-ospd-openvas-1,A.8.6 Capacity management,BAI04.01
Docker Bench,Alta,* Container running without CPU restrictions: greenbone-community-edition-openvasd-1,A.8.6 Capacity management,BAI04.01
Docker Bench,Alta,* Container running without CPU restrictions: greenbone-community-edition-redis-server-1,A.8.6 Capacity management,BAI04.01
Docker Bench,Alta,* Container running without CPU restrictions: si084_juiceshop,A.8.6 Capacity management,BAI04.01
Docker Bench,Alta,* Container running without CPU restrictions: si084_dvwa,A.8.6 Capacity management,BAI04.01
Docker Bench,Alta,5.13 - Ensure that the container's root filesystem is mounted as read only (Automated),A.8.2 Privileged access rights,DSS05.04
Docker Bench,Alta,* Container running with root FS mounted R/W: si084_ubuntu2204,A.8.2 Privileged access rights,DSS05.04
Docker Bench,Alta,* Container running with root FS mounted R/W: xenodochial_dewdney,A.8.2 Privileged access rights,DSS05.04
Docker Bench,Alta,* Container running with root FS mounted R/W: si084_simplerisk,A.8.2 Privileged access rights,DSS05.04
Docker Bench,Alta,* Container running with root FS mounted R/W: si084_simplerisk_db,A.8.2 Privileged access rights,DSS05.04
Docker Bench,Alta,* Container running with root FS mounted R/W: greenbone-community-edition-nginx-1,A.8.2 Privileged access rights,DSS05.04
Docker Bench,Alta,* Container running with root FS mounted R/W: greenbone-community-edition-gsad-1,A.8.2 Privileged access rights,DSS05.04
Docker Bench,Alta,* Container running with root FS mounted R/W: greenbone-community-edition-gvmd-1,A.8.2 Privileged access rights,DSS05.04
Docker Bench,Alta,* Container running with root FS mounted R/W: greenbone-community-edition-pg-gvm-1,A.8.2 Privileged access rights,DSS05.04
Docker Bench,Alta,* Container running with root FS mounted R/W: greenbone-community-edition-ospd-openvas-1,A.8.2 Privileged access rights,DSS05.04
Docker Bench,Alta,* Container running with root FS mounted R/W: greenbone-community-edition-openvasd-1,A.8.2 Privileged access rights,DSS05.04
Docker Bench,Alta,* Container running with root FS mounted R/W: greenbone-community-edition-redis-server-1,A.8.2 Privileged access rights,DSS05.04
Docker Bench,Alta,* Container running with root FS mounted R/W: si084_juiceshop,A.8.2 Privileged access rights,DSS05.04
Docker Bench,Alta,* Container running with root FS mounted R/W: si084_dvwa,A.8.2 Privileged access rights,DSS05.04
Docker Bench,Alta,5.22 - Ensure the default seccomp profile is not Disabled (Automated),A.8.9 Configuration management,BAI10.02
Docker Bench,Alta,* Default seccomp profile disabled: greenbone-community-edition-ospd-openvas-1,A.8.9 Configuration management,BAI10.02
Docker Bench,Alta,5.26 - Ensure that the container is restricted from acquiring additional privileges (Automated),A.8.2 Privileged access rights,DSS05.04
Docker Bench,Alta,* Privileges not restricted: si084_ubuntu2204,A.8.2 Privileged access rights,DSS05.04
Docker Bench,Alta,* Privileges not restricted: xenodochial_dewdney,A.8.2 Privileged access rights,DSS05.04
Docker Bench,Alta,* Privileges not restricted: si084_simplerisk,A.8.2 Privileged access rights,DSS05.04
Docker Bench,Alta,* Privileges not restricted: si084_simplerisk_db,A.8.2 Privileged access rights,DSS05.04
Docker Bench,Alta,* Privileges not restricted: greenbone-community-edition-nginx-1,A.8.2 Privileged access rights,DSS05.04
Docker Bench,Alta,* Privileges not restricted: greenbone-community-edition-gsad-1,A.8.2 Privileged access rights,DSS05.04
Docker Bench,Alta,* Privileges not restricted: greenbone-community-edition-gvmd-1,A.8.2 Privileged access rights,DSS05.04
Docker Bench,Alta,* Privileges not restricted: greenbone-community-edition-pg-gvm-1,A.8.2 Privileged access rights,DSS05.04
Docker Bench,Alta,* Privileges not restricted: greenbone-community-edition-ospd-openvas-1,A.8.2 Privileged access rights,DSS05.04
Docker Bench,Alta,* Privileges not restricted: greenbone-community-edition-openvasd-1,A.8.2 Privileged access rights,DSS05.04
Docker Bench,Alta,* Privileges not restricted: greenbone-community-edition-redis-server-1,A.8.2 Privileged access rights,DSS05.04
Docker Bench,Alta,* Privileges not restricted: si084_juiceshop,A.8.2 Privileged access rights,DSS05.04
Docker Bench,Alta,* Privileges not restricted: si084_dvwa,A.8.2 Privileged access rights,DSS05.04
Docker Bench,Alta,5.27 - Ensure that container health is checked at runtime (Automated),Sin clasificar,Sin clasificar
Docker Bench,Alta,* Health check not set: si084_ubuntu2204,A.8.16 Monitoring activities,DSS01.03
Docker Bench,Alta,* Health check not set: xenodochial_dewdney,A.8.16 Monitoring activities,DSS01.03
Docker Bench,Alta,* Health check not set: si084_simplerisk_db,A.8.16 Monitoring activities,DSS01.03
Docker Bench,Alta,* Health check not set: greenbone-community-edition-nginx-1,A.8.16 Monitoring activities,DSS01.03
Docker Bench,Alta,* Health check not set: greenbone-community-edition-gsad-1,A.8.16 Monitoring activities,DSS01.03
Docker Bench,Alta,* Health check not set: greenbone-community-edition-ospd-openvas-1,A.8.16 Monitoring activities,DSS01.03
Docker Bench,Alta,* Health check not set: greenbone-community-edition-openvasd-1,A.8.16 Monitoring activities,DSS01.03
Docker Bench,Alta,* Health check not set: greenbone-community-edition-redis-server-1,A.8.16 Monitoring activities,DSS01.03
Docker Bench,Alta,* Health check not set: si084_juiceshop,A.8.16 Monitoring activities,DSS01.03
Docker Bench,Alta,* Health check not set: si084_dvwa,A.8.16 Monitoring activities,DSS01.03
Docker Bench,Alta,5.29 - Ensure that the PIDs cgroup limit is used (Automated),A.8.6 Capacity management,BAI04.01
Docker Bench,Alta,* PIDs limit not set: si084_ubuntu2204,A.8.6 Capacity management,BAI04.01
Docker Bench,Alta,* PIDs limit not set: xenodochial_dewdney,A.8.6 Capacity management,BAI04.01
Docker Bench,Alta,* PIDs limit not set: si084_simplerisk,A.8.6 Capacity management,BAI04.01
Docker Bench,Alta,* PIDs limit not set: si084_simplerisk_db,A.8.6 Capacity management,BAI04.01
Docker Bench,Alta,* PIDs limit not set: greenbone-community-edition-nginx-1,A.8.6 Capacity management,BAI04.01
Docker Bench,Alta,* PIDs limit not set: greenbone-community-edition-gsad-1,A.8.6 Capacity management,BAI04.01
Docker Bench,Alta,* PIDs limit not set: greenbone-community-edition-gvmd-1,A.8.6 Capacity management,BAI04.01
Docker Bench,Alta,* PIDs limit not set: greenbone-community-edition-pg-gvm-1,A.8.6 Capacity management,BAI04.01
Docker Bench,Alta,* PIDs limit not set: greenbone-community-edition-ospd-openvas-1,A.8.6 Capacity management,BAI04.01
Docker Bench,Alta,* PIDs limit not set: greenbone-community-edition-openvasd-1,A.8.6 Capacity management,BAI04.01
Docker Bench,Alta,* PIDs limit not set: greenbone-community-edition-redis-server-1,A.8.6 Capacity management,BAI04.01
Docker Bench,Alta,* PIDs limit not set: si084_juiceshop,A.8.6 Capacity management,BAI04.01
Docker Bench,Alta,* PIDs limit not set: si084_dvwa,A.8.6 Capacity management,BAI04.01
